latitude,longitude,TIV,occupancy,year built,square footage,number of stories,construction
39.7650104,-105.0586316,300000,Temporary Lodging,1994,14498,38,wood frame
39.81194123,-105.0536643,2000000,Temporary Lodging,1932,7039,14,masonry
39.74834005,-105.1095007,7000000,Wholesale Trade,2009,29848,9,masonry
39.7845894,-105.0307056,2000000,General Commercial,1956,24107,28,reinforced masonry
39.79070241,-105.1249743,500000,Entertainment and Recreation,1961,4803,4,reinforced masonry
39.75577917,-105.0738758,800000,Religion and Nonprofit,1990,19378,22,reinforced masonry
39.78892456,-105.1221484,500000000,General Commercial,1958,27486,5,masonry
39.76620839,-105.0582466,30000000,Wholesale Trade,1945,10130,41,reinforced masonry
39.7963223,-105.1218056,1000000,General Commercial,1985,5702,9,masonry
39.79900691,-105.0403732,400000,Group Institutional Housing,1956,31131,22,masonry
39.75960972,-105.1066101,9000000,Construction,1962,682,46,wood frame
39.80844018,-105.0424184,300000000,Group Institutional Housing,1970,32385,25,reinforced masonry
39.76134939,-105.105542,20000000,General Commercial,2002,10886,47,wood frame
39.77007954,-105.0876136,80000000,Education,2005,29845,11,steel frame
39.78873269,-105.0830951,9000000,General Commercial,1993,39965,32,wood frame
39.73376433,-105.092817,80000,Wholesale Trade,1957,17931,32,steel frame
39.78404814,-105.0317709,400000,Construction,2000,5332,47,steel frame
39.72961016,-105.0504901,90000,Construction,1993,8394,46,masonry
39.79922101,-105.0453151,4000000,Permanent Dwelling (single family housing),1943,17142,26,masonry
39.78653249,-105.0804635,70000000,Entertainment and Recreation,1998,18445,9,reinforced concrete
39.78859771,-105.1210053,600000000,General Commercial,1966,38782,30,wood frame
39.72757401,-105.092103,700000,Permanent Dwelling (single family housing),1964,14259,42,masonry
39.79061084,-105.0938515,70000000,Construction,2003,36610,16,steel frame
39.80919842,-105.0732925,60000000,Permanent Dwelling (single family housing),1990,34217,10,steel frame
39.78704452,-105.0316771,700000,General Commercial,1980,13902,39,wood frame
39.804629,-105.0742284,900000,Wholesale Trade,2001,2666,1,reinforced concrete
39.77144991,-105.0472128,800000000,Construction,2005,10173,27,masonry
39.78584613,-105.0315124,50000,Religion and Nonprofit,1989,5886,15,wood frame
39.79177776,-105.0939965,800000000,Religion and Nonprofit,1980,20948,20,reinforced masonry
39.78992539,-105.1040353,8000000,Religion and Nonprofit,2007,28863,43,reinforced concrete
39.75954643,-105.0714789,50000000,Education,1949,8836,7,reinforced masonry
39.78646221,-105.0842022,40000,Permanent Dwelling (multi family housing),1983,36119,40,wood frame
39.79141107,-105.0926465,1000000,Religion and Nonprofit,1954,12219,47,masonry
39.7863758,-105.0840703,80000,Permanent Dwelling (multi family housing),1992,9078,40,masonry
39.7856626,-105.0833559,400000000,Group Institutional Housing,1946,39549,29,wood frame
39.75781518,-105.0733941,3000000,Wholesale Trade,1967,35359,40,masonry
39.8003982,-105.0464563,400000000,Religion and Nonprofit,2012,24518,10,reinforced concrete
39.81454337,-105.0542752,2000000,Permanent Dwelling (multi family housing),1970,623,31,steel frame
39.77268055,-105.0494211,90000000,Group Institutional Housing,1936,5621,12,reinforced masonry
39.7464456,-105.1083568,70000000,Temporary Lodging,1965,31026,4,masonry
39.75860206,-105.0740519,700000,Group Institutional Housing,1986,9062,36,steel frame
39.79208828,-105.0948328,400000,Religion and Nonprofit,1984,26402,49,wood frame
39.79466782,-105.1193606,5000000,Education,1940,5861,18,reinforced concrete
39.74753792,-105.1078654,600000000,Entertainment and Recreation,1945,27102,34,reinforced masonry
39.74687921,-105.1077181,3000000,Temporary Lodging,2010,31280,6,reinforced concrete
39.76659185,-105.057554,300000,Heavy Fabrication and Assembly,2013,3178,11,wood frame
39.79915964,-105.0448193,20000,Wholesale Trade,1996,2787,42,wood frame
39.80600318,-105.0468338,50000,General Commercial,2003,26229,41,masonry
39.73247266,-105.0528645,900000000,General Commercial,1986,27368,44,steel frame
39.72816085,-105.0506133,20000000,Education,1967,25312,19,masonry
39.80137477,-105.0413006,8000000,Permanent Dwelling (multi family housing),1960,7852,50,reinforced masonry
39.791641,-105.0987808,40000,Heavy Fabrication and Assembly,1939,24156,14,wood frame
39.72786618,-105.053186,600000,Entertainment and Recreation,1948,28924,35,wood frame
39.79556991,-105.1212442,70000000,Religion and Nonprofit,1980,14253,23,steel frame
39.78486139,-105.0313433,800000,Entertainment and Recreation,1960,31631,44,masonry
39.79832314,-105.041601,4000000,General Commercial,2010,30831,32,wood frame
39.78478812,-105.0834783,200000,Entertainment and Recreation,1957,23135,19,reinforced concrete
39.79040365,-105.0981852,10000000,Heavy Fabrication and Assembly,1988,34125,28,reinforced concrete
39.77368626,-105.0494141,30000000,Religion and Nonprofit,1940,23777,10,masonry
39.80180223,-105.0454394,80000,Group Institutional Housing,2006,31898,31,reinforced masonry
39.76107106,-105.1056582,10000000,Entertainment and Recreation,1931,30703,44,wood frame
39.79803865,-105.0446748,900000,Wholesale Trade,1939,37903,49,reinforced concrete
39.78652308,-105.1218516,10000,Religion and Nonprofit,1974,34129,42,reinforced concrete
39.8079638,-105.0433966,10000000,Wholesale Trade,1982,24704,12,steel frame
39.81063988,-105.0545044,400000000,Wholesale Trade,1980,5296,25,masonry
39.79094804,-105.0955156,4000000,General Commercial,1968,26896,19,steel frame
39.77126328,-105.0500742,200000,Entertainment and Recreation,1951,37176,39,steel frame
39.7925492,-105.0954207,80000,Education,1972,10877,33,masonry
39.78423475,-105.0310947,900000,Temporary Lodging,1948,3279,50,wood frame
39.78540817,-105.1242351,2000000,General Commercial,1936,29552,37,reinforced masonry
39.73069136,-105.0942094,4000000,Wholesale Trade,1997,39385,8,wood frame
39.8040874,-105.0725332,2000000,Religion and Nonprofit,1947,13336,14,masonry
39.74426414,-105.0817158,1000000,Heavy Fabrication and Assembly,1980,22592,23,wood frame
39.81049682,-105.0456071,3000000,Temporary Lodging,1931,4877,17,reinforced concrete
39.78966026,-105.1204409,100000,Heavy Fabrication and Assembly,1985,16039,45,wood frame
39.78661522,-105.1176978,500000000,Temporary Lodging,1988,1789,28,masonry
39.77160494,-105.0496471,900000000,Heavy Fabrication and Assembly,2003,10271,8,masonry
39.74660873,-105.0853073,50000,Entertainment and Recreation,1931,12078,19,reinforced masonry
39.80013827,-105.0419523,600000,General Commercial,1970,35950,30,masonry
39.79016813,-105.0908789,80000000,Permanent Dwelling (multi family housing),1931,4530,45,reinforced masonry
39.80727743,-105.0720367,500000,Construction,2004,26773,17,reinforced masonry
39.80831681,-105.0442593,300000,Construction,1963,505,2,reinforced masonry
39.73191678,-105.0929383,80000,Education,1976,22034,48,reinforced concrete
39.80567293,-105.0702806,400000000,General Commercial,1942,10915,15,reinforced concrete
39.75882503,-105.0726235,600000,Wholesale Trade,1994,32570,25,steel frame
39.79986214,-105.0449787,50000,General Commercial,1979,31454,24,masonry
39.79452226,-105.1056958,400000000,Religion and Nonprofit,1966,20060,42,wood frame
39.79015832,-105.1030305,200000000,Entertainment and Recreation,1984,9664,33,reinforced masonry
39.76941871,-105.0902775,200000,General Commercial,1964,3910,2,steel frame
39.78577898,-105.0843159,100000,Group Institutional Housing,2011,35984,29,masonry
39.75810453,-105.0720732,70000000,Heavy Fabrication and Assembly,1930,11748,33,reinforced masonry
39.79905394,-105.0393155,30000000,Wholesale Trade,1952,18203,12,wood frame
39.79256138,-105.1205191,80000000,General Commercial,1977,26911,29,reinforced masonry
39.79027038,-105.1214989,50000000,Group Institutional Housing,2008,38671,30,steel frame
39.74737319,-105.0847159,600000,Permanent Dwelling (single family housing),2003,35279,2,wood frame
39.78610268,-105.0309145,3000000,Education,1987,6869,39,reinforced concrete
39.81072099,-105.0550653,70000,Temporary Lodging,1996,30887,34,reinforced masonry
39.79216848,-105.1225725,70000000,Heavy Fabrication and Assembly,1992,31743,41,masonry
39.77243385,-105.0500249,80000,General Commercial,2010,25111,14,masonry
39.79065983,-105.0914313,800000,Construction,1937,17152,45,wood frame
39.73134822,-105.0921099,200000000,Education,1956,30684,8,masonry
39.73096209,-105.0929666,9000000,Entertainment and Recreation,1972,517,45,wood frame
39.76691114,-105.0588374,6000000,Entertainment and Recreation,1950,35954,23,wood frame
39.81068444,-105.0452125,500000,Education,1951,37865,44,reinforced masonry
39.74991929,-105.1077712,800000000,Religion and Nonprofit,1991,29718,16,reinforced concrete
39.76705145,-105.0865393,80000000,Construction,2003,979,37,steel frame
39.76656615,-105.058471,70000,Permanent Dwelling (single family housing),2010,18780,42,wood frame
39.79217559,-105.1030174,200000,Group Institutional Housing,1932,10375,15,steel frame
39.78716812,-105.1204602,60000,Education,1954,6338,13,wood frame
39.76605462,-105.0580334,600000,Permanent Dwelling (multi family housing),1979,27741,19,reinforced masonry
39.79279464,-105.1189509,900000,Entertainment and Recreation,1955,7782,26,steel frame
39.76712247,-105.057758,60000,General Commercial,1939,5606,47,wood frame
39.76727383,-105.0602142,90000000,Religion and Nonprofit,1967,10102,44,masonry
39.76326738,-105.1059949,700000,General Commercial,1976,29656,2,wood frame
39.79438721,-105.1021863,200000000,Heavy Fabrication and Assembly,1938,23330,19,reinforced concrete
39.78491604,-105.0300736,500000,Group Institutional Housing,1947,33167,28,masonry
39.77224295,-105.0480843,50000000,Religion and Nonprofit,1987,12431,12,reinforced concrete
39.79353816,-105.1030056,800000,Education,1939,6957,32,reinforced concrete
39.77366685,-105.0460593,900000000,General Commercial,1963,2777,12,steel frame
39.74651079,-105.1078568,200000000,Temporary Lodging,1964,39457,19,reinforced concrete
39.78855796,-105.1241108,70000000,Temporary Lodging,1945,21035,39,reinforced concrete
39.72841602,-105.0499481,400000,Temporary Lodging,1940,8102,45,reinforced masonry
39.72840912,-105.0934711,6000000,Heavy Fabrication and Assembly,1972,37696,21,reinforced concrete
39.81295298,-105.0536292,5000000,Wholesale Trade,1954,19701,48,reinforced concrete
39.76189387,-105.1053165,20000000,Permanent Dwelling (single family housing),2002,32557,36,steel frame
39.81115051,-105.0545591,300000,Construction,1965,27670,10,masonry
39.74775277,-105.0839196,400000,Wholesale Trade,1945,4028,33,reinforced masonry
39.80147918,-105.0398189,200000000,Construction,1932,25443,10,reinforced concrete
39.79114511,-105.1057173,4000000,Permanent Dwelling (single family housing),1969,26598,4,masonry
39.79786138,-105.0407973,20000000,General Commercial,1978,4802,33,wood frame
39.79208731,-105.1230539,30000000,Construction,1975,3354,31,wood frame
39.79187453,-105.0958319,200000,Permanent Dwelling (multi family housing),1940,6862,3,reinforced masonry
39.73168321,-105.0904914,40000000,Wholesale Trade,1931,29627,45,steel frame
39.79803971,-105.0419112,20000000,Permanent Dwelling (single family housing),1956,4795,16,reinforced masonry
39.78621053,-105.0311314,800000,Construction,1985,28381,29,steel frame
39.76581316,-105.0863872,500000000,Group Institutional Housing,1974,12078,2,wood frame
39.72927498,-105.0519067,200000000,Construction,1995,5436,32,reinforced masonry
39.7486674,-105.1077598,50000000,Group Institutional Housing,2014,34137,34,reinforced masonry
39.79191424,-105.0953749,100000000,Religion and Nonprofit,2009,16041,46,steel frame
39.79207388,-105.1216156,900000,Permanent Dwelling (single family housing),1962,32302,4,masonry
39.74722436,-105.1079326,20000000,Religion and Nonprofit,1962,3467,2,reinforced concrete
39.76676851,-105.0583511,200000,Religion and Nonprofit,1935,15761,12,wood frame
39.74770104,-105.1072203,100000000,Construction,1983,4763,47,reinforced masonry
39.76029866,-105.1055699,70000000,Education,1984,4864,22,masonry
39.76949606,-105.0459943,3000000,Permanent Dwelling (single family housing),1976,13758,11,reinforced masonry
39.80046533,-105.0400739,900000,Construction,1934,37749,33,reinforced concrete
39.76376445,-105.1078751,700000,General Commercial,1959,38545,22,reinforced concrete
39.79771217,-105.1191203,90000,Wholesale Trade,1945,2931,48,reinforced concrete
39.80034495,-105.0410976,50000000,General Commercial,1939,38571,47,reinforced concrete
39.79993305,-105.0431265,90000000,Wholesale Trade,1981,27920,44,reinforced concrete
39.72815687,-105.0517993,70000,General Commercial,1965,21264,45,wood frame
39.76732964,-105.0867947,7000000,Temporary Lodging,1962,34606,33,wood frame
39.76678553,-105.0600302,90000000,Wholesale Trade,1949,6878,22,masonry
39.81241482,-105.0548767,8000000,General Commercial,2012,5292,39,wood frame
39.76718032,-105.0897954,300000000,Religion and Nonprofit,1952,36269,24,reinforced concrete
39.78640464,-105.0332408,500000,Education,2013,7893,17,steel frame
39.78608217,-105.0327351,8000000,General Commercial,1936,23140,17,steel frame
39.80015525,-105.0462931,7000000,Temporary Lodging,1962,2304,7,steel frame
39.78404953,-105.0827474,6000000,Permanent Dwelling (single family housing),1962,28406,1,wood frame
39.75859184,-105.0732497,100000000,Temporary Lodging,1953,5967,48,wood frame
39.79601616,-105.0435627,3000000,Construction,1988,30015,45,steel frame
39.7905016,-105.0954456,20000,Religion and Nonprofit,1962,24367,48,wood frame
39.74681207,-105.081309,40000000,Temporary Lodging,1967,39668,36,masonry
39.80907826,-105.0724882,80000000,Religion and Nonprofit,1964,38330,9,reinforced masonry
39.78867049,-105.0949235,70000000,Permanent Dwelling (multi family housing),1999,32055,36,wood frame
39.78433777,-105.0332447,600000000,Construction,2013,37784,29,reinforced concrete
39.81014878,-105.0536048,20000,Construction,1954,5181,28,steel frame
39.8053803,-105.0742076,100000000,Religion and Nonprofit,1969,15208,26,reinforced masonry
39.7481775,-105.0827664,40000,Permanent Dwelling (single family housing),1972,32447,8,reinforced concrete
39.77321812,-105.0493401,1000000,Entertainment and Recreation,1966,5369,49,reinforced masonry
39.77044491,-105.0478777,600000,Heavy Fabrication and Assembly,1981,16328,19,reinforced concrete
39.81105074,-105.0530097,90000000,Heavy Fabrication and Assembly,1987,29458,24,masonry
39.74852094,-105.0836662,300000,General Commercial,1935,2262,24,reinforced masonry
39.8089524,-105.0433617,90000,Permanent Dwelling (single family housing),1946,9639,45,wood frame
39.81236002,-105.0518064,100000000,Heavy Fabrication and Assembly,1959,12395,45,reinforced concrete
39.78511991,-105.0838691,800000,Temporary Lodging,1936,15424,8,reinforced masonry
39.74822433,-105.1070967,60000,Temporary Lodging,1980,18542,41,wood frame
39.80147969,-105.0453202,100000,Heavy Fabrication and Assembly,2004,6375,32,steel frame
39.72903838,-105.0513095,30000000,Permanent Dwelling (single family housing),1970,24230,28,reinforced masonry
39.79009314,-105.1219295,7000000,Wholesale Trade,1955,38440,16,reinforced concrete
39.76030685,-105.0725307,100000,Permanent Dwelling (single family housing),1945,28232,11,steel frame
39.80875284,-105.0411945,9000000,Temporary Lodging,1998,38288,42,reinforced concrete
39.79296217,-105.1020901,600000000,Entertainment and Recreation,1969,28375,31,wood frame
39.80521821,-105.0424648,300000,Construction,1959,11766,18,steel frame
39.78476165,-105.0835594,400000,Permanent Dwelling (single family housing),1933,23748,12,steel frame
39.80817715,-105.0429558,300000000,Temporary Lodging,1930,31880,37,steel frame
39.81161934,-105.0532259,6000000,Group Institutional Housing,2006,38425,9,masonry
39.80488825,-105.0748079,900000,Wholesale Trade,1960,20713,13,wood frame
39.73027866,-105.0504938,2000000,Group Institutional Housing,1936,30136,25,masonry
39.76620732,-105.1053595,800000,Permanent Dwelling (single family housing),1943,39651,48,masonry
39.73274739,-105.0547663,9000000,General Commercial,1958,33640,6,steel frame
39.79108732,-105.0937979,600000,Education,2009,13759,44,reinforced concrete
39.74673407,-105.1087395,200000,Construction,1983,33583,16,reinforced concrete
39.75921754,-105.073718,500000000,Construction,1953,1217,18,reinforced masonry
39.79577696,-105.11772,70000000,Religion and Nonprofit,1937,25196,8,reinforced concrete
39.76724015,-105.0584381,20000000,Wholesale Trade,1970,35051,16,steel frame
39.80992733,-105.0512108,300000,Heavy Fabrication and Assembly,1998,5045,2,steel frame
39.73443805,-105.0892855,900000000,Permanent Dwelling (multi family housing),1933,35001,12,reinforced masonry
39.73363528,-105.0921452,80000000,Entertainment and Recreation,1936,30450,21,wood frame
39.8067809,-105.0422303,5000000,Wholesale Trade,1961,5206,10,reinforced concrete
39.72983504,-105.0495921,9000000,Heavy Fabrication and Assembly,1961,30746,24,reinforced masonry
39.80834468,-105.0417928,90000000,Entertainment and Recreation,2007,17027,18,wood frame
39.76456783,-105.0589186,7000000,Heavy Fabrication and Assembly,2006,15507,42,steel frame
39.74687696,-105.1100875,900000,Construction,1974,26772,41,reinforced masonry
39.72862601,-105.0938854,50000000,Heavy Fabrication and Assembly,1943,30564,21,reinforced concrete
39.79327721,-105.1204073,70000000,Heavy Fabrication and Assembly,1938,1043,44,reinforced masonry
39.76601117,-105.059186,70000000,Construction,1999,30029,19,steel frame
39.8054104,-105.0730673,3000000,Group Institutional Housing,1935,16774,22,steel frame
39.72955711,-105.0886627,900000000,Wholesale Trade,1934,12350,42,masonry
39.79178549,-105.0941609,30000,Temporary Lodging,2010,24842,38,reinforced masonry
39.81082319,-105.0518353,3000000,Permanent Dwelling (single family housing),1976,38301,45,steel frame
39.79144147,-105.0970852,5000000,Heavy Fabrication and Assembly,1970,12823,3,steel frame
39.76887685,-105.0876775,800000000,Permanent Dwelling (single family housing),1942,14490,15,reinforced concrete
39.78973952,-105.0856225,40000,General Commercial,2013,2747,26,wood frame
39.73309742,-105.0917719,900000,Construction,1960,20399,6,reinforced concrete
39.72766373,-105.0506188,900000000,Construction,1998,23034,36,wood frame
39.78293823,-105.0807317,5000000,General Commercial,1971,18092,44,reinforced masonry
39.74493876,-105.0862374,70000,Construction,1992,10562,28,reinforced masonry
39.74923066,-105.1081447,8000000,Construction,1978,14245,6,reinforced concrete
39.75798718,-105.0723026,4000000,Permanent Dwelling (multi family housing),2007,2205,24,reinforced concrete
39.76695117,-105.0881775,30000000,Wholesale Trade,1933,22706,42,wood frame
39.80739355,-105.0433274,300000000,Heavy Fabrication and Assembly,1983,35102,10,reinforced masonry
39.74431464,-105.0836471,50000,Religion and Nonprofit,1995,15775,23,reinforced masonry
39.75010406,-105.1080209,100000,Education,2003,23202,18,masonry
39.76281727,-105.1062689,800000000,Entertainment and Recreation,1981,39856,30,wood frame
39.79808543,-105.1214622,100000,Heavy Fabrication and Assembly,1997,5777,39,masonry
39.7947308,-105.1051471,7000000,Permanent Dwelling (multi family housing),1952,22229,13,reinforced concrete
39.7698289,-105.0878639,500000,Construction,1995,33057,10,reinforced masonry
39.80669187,-105.044897,400000000,Entertainment and Recreation,1935,11612,45,masonry
39.79163082,-105.1032561,7000000,Group Institutional Housing,1979,11112,18,wood frame
39.73101978,-105.0927758,20000,Temporary Lodging,1985,18618,42,reinforced concrete
39.80816123,-105.0414581,800000,Construction,1976,4184,14,masonry
39.74810645,-105.1085159,80000,General Commercial,2000,37242,22,steel frame
39.76502878,-105.0853716,500000000,Permanent Dwelling (multi family housing),1962,30169,34,reinforced concrete
39.76449069,-105.0881547,40000000,Wholesale Trade,1950,19026,6,masonry
39.75880764,-105.0725097,6000000,Permanent Dwelling (multi family housing),1981,12491,13,reinforced concrete
39.79983502,-105.041687,900000000,Permanent Dwelling (single family housing),1962,38317,35,reinforced masonry
39.76986713,-105.08734,700000000,Wholesale Trade,1989,579,22,reinforced concrete
39.78397107,-105.0300695,80000000,Wholesale Trade,1958,38812,26,steel frame
39.81369082,-105.0527524,100000000,Construction,1946,13566,42,steel frame
39.81070785,-105.0548244,500000,Religion and Nonprofit,2001,16138,38,wood frame
39.73067701,-105.0531664,90000,Heavy Fabrication and Assembly,1961,37180,36,reinforced concrete
39.76289612,-105.1010301,600000,Permanent Dwelling (single family housing),1971,31178,38,reinforced concrete
39.80874375,-105.0427338,2000000,Wholesale Trade,2014,27349,24,steel frame
39.76755247,-105.0873264,800000000,Heavy Fabrication and Assembly,1960,24604,11,reinforced concrete
39.75706918,-105.0735741,3000000,Education,1957,12220,29,masonry
39.78943299,-105.0817538,400000000,Permanent Dwelling (multi family housing),1977,36521,48,steel frame
39.79947363,-105.0420166,70000000,Education,2012,6362,49,steel frame
39.78781196,-105.0860683,900000,Entertainment and Recreation,1944,4855,5,wood frame
39.76760454,-105.0896291,90000000,Temporary Lodging,1948,5147,32,reinforced masonry
39.78914735,-105.0860571,900000,Permanent Dwelling (single family housing),2009,18561,2,wood frame
39.80504129,-105.0741374,100000000,General Commercial,1968,17275,31,steel frame
39.74892828,-105.1080189,8000000,Construction,1975,11499,45,wood frame
39.74689228,-105.082893,100000000,Entertainment and Recreation,1940,17495,30,steel frame
39.7599042,-105.0733593,8000000,Group Institutional Housing,1946,37274,43,wood frame
39.79184149,-105.1216839,9000000,Temporary Lodging,1977,9104,47,reinforced masonry
39.7290393,-105.0902707,4000000,Religion and Nonprofit,1934,34102,19,reinforced concrete
39.79095137,-105.1054759,8000000,Heavy Fabrication and Assembly,1967,22927,2,reinforced masonry
39.79780478,-105.0473665,30000000,Entertainment and Recreation,1985,7191,22,masonry
39.74577176,-105.0827105,9000000,Construction,1971,23727,14,reinforced masonry
39.74989344,-105.1059265,40000000,Religion and Nonprofit,2004,1631,43,reinforced masonry
39.79971071,-105.0439633,700000000,Education,1940,39970,41,reinforced masonry
39.73292465,-105.0939767,900000,Wholesale Trade,1940,32252,28,reinforced masonry
39.757861,-105.0744402,200000,Entertainment and Recreation,1939,31003,6,reinforced concrete
39.75679444,-105.07449,80000,Group Institutional Housing,2008,1375,47,steel frame
39.76302538,-105.102596,80000000,Religion and Nonprofit,1931,17487,10,masonry
39.80462002,-105.0735042,900000000,Construction,1950,19593,8,reinforced concrete
39.74774997,-105.0826736,900000000,Group Institutional Housing,1972,35432,21,masonry
39.74695572,-105.1059828,90000000,Wholesale Trade,1954,26546,20,reinforced masonry
39.79466345,-105.1190176,400000000,Permanent Dwelling (multi family housing),1954,37033,8,wood frame
39.78996523,-105.0956753,50000,Religion and Nonprofit,1932,4961,14,steel frame
39.72997182,-105.0937516,80000,Wholesale Trade,1995,24763,25,wood frame
39.77085557,-105.0501645,3000000,General Commercial,1980,13799,29,masonry
39.74447992,-105.0831229,60000000,Construction,1963,10734,3,wood frame
39.78649097,-105.0805345,600000,Heavy Fabrication and Assembly,2000,2725,24,steel frame
39.79856236,-105.0447931,100000000,General Commercial,2009,38128,21,reinforced concrete
39.80954538,-105.0456762,90000,General Commercial,1932,33210,42,reinforced masonry
39.80804566,-105.0726835,40000,Temporary Lodging,1983,2448,29,steel frame
39.79232945,-105.122294,80000000,General Commercial,2004,36220,43,reinforced concrete
39.80815809,-105.0427393,2000000,Permanent Dwelling (multi family housing),1935,15247,12,wood frame
39.8116769,-105.0548632,300000,General Commercial,1957,29418,46,wood frame
39.78713424,-105.0830377,700000,Permanent Dwelling (multi family housing),1965,29614,32,steel frame
39.75990277,-105.0751461,50000,Group Institutional Housing,2015,6601,35,masonry
39.79703272,-105.0440801,1000000,Group Institutional Housing,2011,33787,24,reinforced concrete
39.81193425,-105.0522229,4000000,Wholesale Trade,1939,27503,30,masonry
39.80314079,-105.0441491,400000,Group Institutional Housing,2010,8584,37,reinforced masonry
39.80218127,-105.0390313,6000000,Entertainment and Recreation,1952,12003,22,wood frame
39.75586375,-105.0727947,90000,Entertainment and Recreation,1959,15332,7,reinforced masonry
39.79363901,-105.1036287,900000,Permanent Dwelling (multi family housing),2012,17182,27,reinforced concrete
39.80890355,-105.0735009,40000,Permanent Dwelling (single family housing),2012,1210,25,reinforced masonry
39.78638384,-105.0832228,50000000,Religion and Nonprofit,2012,27704,27,masonry
39.76932387,-105.0873572,50000000,Entertainment and Recreation,2001,33109,37,reinforced concrete
39.76548944,-105.0571895,80000,Permanent Dwelling (multi family housing),1943,13298,47,wood frame
39.79553423,-105.0449037,800000000,Permanent Dwelling (multi family housing),2015,5093,20,reinforced masonry
39.81304232,-105.0539102,90000,Permanent Dwelling (single family housing),1995,27025,28,wood frame
39.79216248,-105.1199397,10000000,Entertainment and Recreation,1948,18329,47,reinforced concrete
39.81453391,-105.0531786,60000000,Wholesale Trade,2006,28746,27,wood frame
39.78950485,-105.0942603,5000000,Temporary Lodging,1983,29431,42,steel frame
39.79322655,-105.1178758,40000000,Permanent Dwelling (multi family housing),1966,33911,35,masonry
39.78434231,-105.0811192,7000000,Permanent Dwelling (single family housing),1995,23180,21,reinforced concrete
39.78950011,-105.1217246,10000000,Wholesale Trade,1957,14848,1,wood frame
39.79870788,-105.0431905,4000000,Heavy Fabrication and Assembly,2009,12804,34,steel frame
39.7912317,-105.0928736,700000000,Wholesale Trade,1994,25260,4,wood frame
39.76213577,-105.1030758,70000000,Permanent Dwelling (single family housing),1992,12212,14,reinforced masonry
39.78486127,-105.0335435,3000000,Construction,1969,17229,5,reinforced masonry
39.75851025,-105.0738386,80000,Temporary Lodging,1941,26015,42,reinforced masonry
39.79878834,-105.0438429,10000,Education,1988,9011,44,reinforced concrete
39.79539299,-105.120559,500000,Temporary Lodging,2008,7999,45,steel frame
39.72731889,-105.0500969,70000,Group Institutional Housing,1940,2487,14,steel frame
39.76474478,-105.0593571,500000,Education,1987,35762,28,masonry
39.74477588,-105.0801631,900000000,Construction,1959,24410,18,reinforced concrete
39.80104482,-105.0416344,900000000,Wholesale Trade,2013,8687,44,reinforced masonry
39.76105924,-105.0734196,600000000,Education,1943,28217,4,reinforced masonry
39.76946217,-105.0499021,600000000,Education,2015,31011,40,masonry
39.78613346,-105.1189088,30000,Religion and Nonprofit,1966,22608,7,reinforced masonry
39.74906312,-105.1086807,90000,Temporary Lodging,1948,22179,28,reinforced concrete
39.79943915,-105.0390437,20000,Heavy Fabrication and Assembly,1944,36640,13,reinforced concrete
39.80739488,-105.072013,10000,Construction,1982,4383,36,masonry
39.72941151,-105.0531452,7000000,Permanent Dwelling (single family housing),1940,8464,18,reinforced concrete
39.80757557,-105.073664,70000,Temporary Lodging,1998,19834,50,masonry
39.76246079,-105.1047461,60000000,Education,1931,25857,4,wood frame
39.7668633,-105.0856537,60000000,Construction,1997,36418,45,reinforced masonry
39.76560168,-105.0603492,900000000,Heavy Fabrication and Assembly,1975,757,12,masonry
39.78419304,-105.0301091,900000,Wholesale Trade,1985,35252,9,steel frame
39.74945614,-105.1074294,300000000,Entertainment and Recreation,1981,9429,18,reinforced concrete
39.79280892,-105.1036201,90000000,Construction,1968,10849,34,wood frame
39.79141382,-105.0973306,800000000,Permanent Dwelling (single family housing),1935,19421,17,reinforced concrete
39.79224482,-105.0934157,800000000,Temporary Lodging,1931,22159,22,reinforced concrete
39.80843993,-105.0417353,10000000,Entertainment and Recreation,1969,11173,28,reinforced concrete
39.79241237,-105.0971798,7000000,General Commercial,1985,11233,28,reinforced masonry
39.73234389,-105.0501195,500000000,Construction,1957,37752,43,masonry
39.75545325,-105.0749752,700000,Religion and Nonprofit,1965,39833,19,reinforced masonry
39.80627649,-105.0468083,400000000,Permanent Dwelling (multi family housing),1955,32004,11,steel frame
39.72853462,-105.0528503,7000000,Entertainment and Recreation,1961,8545,33,steel frame
39.76350002,-105.1069963,4000000,Group Institutional Housing,1957,35850,23,masonry
39.79311372,-105.1203744,800000000,Construction,1931,18217,13,steel frame
39.80831307,-105.0750246,70000000,Wholesale Trade,1941,34414,23,wood frame
39.8076379,-105.0757919,500000000,Wholesale Trade,1935,11514,29,reinforced masonry
39.744892,-105.0822521,200000000,Religion and Nonprofit,1976,2702,17,reinforced concrete
39.78618818,-105.084594,300000000,Permanent Dwelling (multi family housing),2008,23577,24,reinforced masonry
39.79356366,-105.1017268,90000,Temporary Lodging,1971,31169,27,reinforced concrete
39.76765695,-105.0878966,4000000,Construction,1982,10157,20,reinforced concrete
39.74919015,-105.1082794,30000,Group Institutional Housing,1951,38279,19,steel frame
39.79967089,-105.0449027,40000000,Wholesale Trade,1992,24376,1,reinforced masonry
39.79183515,-105.1047901,800000,Group Institutional Housing,2005,6332,3,steel frame
39.78700897,-105.0832298,700000000,Wholesale Trade,1956,39634,33,reinforced masonry
39.80978999,-105.0433987,60000,General Commercial,1967,5945,34,wood frame
39.79785091,-105.0459845,7000000,Wholesale Trade,1983,4018,23,reinforced concrete
39.74670996,-105.1094641,700000,Religion and Nonprofit,1980,22149,30,wood frame
39.76214708,-105.1030082,400000000,Heavy Fabrication and Assembly,1987,32539,25,reinforced concrete
39.79133762,-105.1217074,40000000,Wholesale Trade,1963,24073,49,reinforced masonry
39.74697576,-105.0853315,6000000,Wholesale Trade,1955,26085,29,wood frame
39.72974034,-105.0924324,90000,Heavy Fabrication and Assembly,1952,30493,5,wood frame
39.78494355,-105.0838129,700000000,Wholesale Trade,1938,14758,50,steel frame
39.7696878,-105.0873593,400000,Group Institutional Housing,1931,20605,29,wood frame
39.77381556,-105.0494236,60000,Wholesale Trade,2002,5187,22,reinforced masonry
39.78698196,-105.0294043,30000000,Temporary Lodging,2007,39238,49,steel frame
39.79604283,-105.1225949,4000000,General Commercial,1963,24169,46,reinforced masonry
39.76500604,-105.0844199,60000000,Education,2006,31986,18,wood frame
39.79838984,-105.0452337,80000,Construction,1980,36542,46,reinforced masonry
39.8070952,-105.0738225,500000000,Education,1963,9084,8,masonry
39.76647751,-105.0586861,800000,General Commercial,2004,3470,24,reinforced concrete
39.79044287,-105.1262095,300000,Construction,1958,18449,10,reinforced masonry
39.79164623,-105.1214532,70000000,General Commercial,1994,34005,10,masonry
39.73113664,-105.0535371,600000,Entertainment and Recreation,1934,36810,41,steel frame
39.791652,-105.0948991,100000,Construction,1940,33440,50,steel frame
39.80804206,-105.0727737,500000,Entertainment and Recreation,2015,33336,3,steel frame
39.78731074,-105.0852365,1000000,Construction,1942,10064,6,masonry
39.81356305,-105.0553159,90000,Heavy Fabrication and Assembly,2009,1779,43,reinforced concrete
39.79315078,-105.1052812,10000000,Education,1962,2183,21,wood frame
39.742601,-105.0822834,70000,Construction,2015,14592,50,reinforced masonry
39.79344772,-105.1050675,10000,Group Institutional Housing,1962,32708,23,steel frame
39.78700212,-105.0833662,9000000,Construction,2005,17364,44,wood frame
39.80725872,-105.0733166,900000000,Education,1987,5350,39,reinforced masonry
39.81086979,-105.0431387,80000000,Entertainment and Recreation,1935,10990,28,masonry
39.81097696,-105.055368,80000,Entertainment and Recreation,2006,18599,16,steel frame
39.74687667,-105.081341,900000000,Group Institutional Housing,1984,18725,40,wood frame
39.7850244,-105.0317776,4000000,Permanent Dwelling (single family housing),1936,28931,4,steel frame
39.78689478,-105.085215,900000000,Permanent Dwelling (multi family housing),1941,5872,31,masonry
39.78942832,-105.1233585,10000,Wholesale Trade,1996,7453,44,steel frame
39.80744466,-105.0448111,6000000,General Commercial,1970,8585,38,reinforced concrete
39.79099013,-105.1048491,500000,Temporary Lodging,1996,8609,17,wood frame
39.78637107,-105.031734,90000000,Wholesale Trade,2006,16658,21,steel frame
39.7900418,-105.1238786,700000,Wholesale Trade,2008,11919,33,reinforced masonry
39.74216338,-105.0819773,10000000,Religion and Nonprofit,1983,10368,39,reinforced masonry
39.76033578,-105.1070186,900000000,Permanent Dwelling (multi family housing),1998,8242,34,reinforced concrete
39.81155336,-105.0542415,200000,Education,2009,30477,4,masonry
39.76664959,-105.0567965,10000,Entertainment and Recreation,2012,24101,50,reinforced concrete
39.81243152,-105.0444921,200000000,General Commercial,1964,14434,33,masonry
39.76947485,-105.0492108,500000,Permanent Dwelling (multi family housing),2014,36609,19,steel frame
39.76108258,-105.105732,40000,Entertainment and Recreation,1955,6996,24,wood frame
39.72833949,-105.0926506,90000000,Permanent Dwelling (single family housing),1990,8915,7,steel frame
39.79390732,-105.1066756,30000000,Education,2001,17455,38,steel frame
39.74817496,-105.1075242,1000000,Permanent Dwelling (single family housing),1985,31159,2,reinforced concrete
39.81167552,-105.0527749,500000000,Education,2008,27780,4,masonry
39.79648195,-105.1201363,900000,Religion and Nonprofit,1940,30926,9,reinforced concrete
39.80667069,-105.0457318,600000,Entertainment and Recreation,1973,31959,16,masonry
39.74378935,-105.086588,40000,Religion and Nonprofit,1968,34435,49,steel frame
39.74799661,-105.1062743,90000000,Religion and Nonprofit,1999,26489,41,masonry
39.80883407,-105.0450113,400000,Permanent Dwelling (multi family housing),1947,27152,42,steel frame
39.74497293,-105.0848617,7000000,Temporary Lodging,1958,4577,45,wood frame
39.80140198,-105.0426145,2000000,General Commercial,1966,10485,42,reinforced masonry
39.80201671,-105.0446207,300000000,Wholesale Trade,1952,31964,36,wood frame
39.79182656,-105.1194479,2000000,General Commercial,1967,35148,24,wood frame
39.76294052,-105.1037235,800000,Group Institutional Housing,1963,2351,2,wood frame
39.76425055,-105.1059599,50000000,Temporary Lodging,1965,18213,47,masonry
39.76603715,-105.0586156,500000,General Commercial,1950,10039,37,wood frame
39.79236328,-105.095038,30000,Entertainment and Recreation,1987,38416,42,reinforced masonry
39.8015443,-105.0401385,70000,Education,1944,25443,7,steel frame
39.79969022,-105.1173824,700000000,Education,1965,39966,40,reinforced concrete
39.78366284,-105.0322968,80000,Education,2013,5692,34,masonry
39.76545321,-105.0590201,50000,Heavy Fabrication and Assembly,1933,8441,16,reinforced concrete
39.78642011,-105.030461,30000,Permanent Dwelling (single family housing),1988,6352,43,reinforced concrete
39.79209699,-105.1024913,70000000,Entertainment and Recreation,1996,12332,42,masonry
39.80017879,-105.0406664,500000000,General Commercial,2005,32175,1,wood frame
39.77149295,-105.047649,40000000,Permanent Dwelling (multi family housing),1991,12389,21,steel frame
39.76272523,-105.108257,80000000,Education,2001,23546,25,reinforced masonry
39.79298316,-105.1022283,10000000,Permanent Dwelling (multi family housing),2010,28584,48,reinforced concrete
39.78558655,-105.0293559,4000000,Permanent Dwelling (single family housing),2013,25386,18,reinforced masonry
39.74573263,-105.0847715,8000000,Temporary Lodging,1930,19790,24,wood frame
39.72898656,-105.0518738,50000000,Permanent Dwelling (multi family housing),2004,14285,7,reinforced concrete
39.75847493,-105.0736478,5000000,General Commercial,1964,5007,31,reinforced concrete
39.79889235,-105.0389615,80000000,Religion and Nonprofit,1962,29188,23,reinforced masonry
39.75614509,-105.0733305,60000000,Temporary Lodging,1999,37459,35,masonry
39.81252318,-105.0525742,7000000,Wholesale Trade,1988,29990,28,wood frame
39.7475372,-105.1056841,90000,Temporary Lodging,1949,22297,17,reinforced masonry
39.78809755,-105.0842603,40000,Wholesale Trade,1966,19917,3,reinforced concrete
39.74341776,-105.0845868,700000000,Group Institutional Housing,2003,24702,15,masonry
39.78848845,-105.0829572,40000,Temporary Lodging,1996,17909,39,masonry
39.81388232,-105.0544047,80000,Temporary Lodging,2009,20907,6,reinforced concrete
39.72948383,-105.0498881,90000,Education,1957,13021,13,steel frame
39.79214799,-105.1191651,800000000,Permanent Dwelling (multi family housing),1957,37332,50,reinforced concrete
39.76302912,-105.1078256,30000000,Religion and Nonprofit,2009,31273,36,wood frame
39.80566383,-105.0728282,100000,Temporary Lodging,1953,11086,43,reinforced masonry
39.77079202,-105.0497956,30000,Religion and Nonprofit,2005,20038,45,steel frame
39.81313977,-105.0512739,2000000,Religion and Nonprofit,1976,9376,41,steel frame
39.76271561,-105.10186,900000,Heavy Fabrication and Assembly,1973,5459,15,steel frame
39.8094334,-105.0738923,80000000,Construction,2003,6667,29,reinforced concrete
39.79664884,-105.1220325,900000,Wholesale Trade,1968,1928,30,steel frame
39.79347942,-105.1212375,600000000,Heavy Fabrication and Assembly,1957,35154,38,reinforced masonry
39.75955859,-105.0727834,600000,Construction,1967,39050,26,reinforced masonry
39.80491751,-105.0437678,60000,Heavy Fabrication and Assembly,1983,6308,7,wood frame
39.78537531,-105.0820842,800000000,Wholesale Trade,1999,24416,1,masonry
39.80635805,-105.0715115,50000,Permanent Dwelling (multi family housing),1973,16532,50,steel frame
39.7482195,-105.1089557,500000,Group Institutional Housing,1983,6798,23,steel frame
39.79044467,-105.0929579,3000000,Permanent Dwelling (single family housing),1951,36127,22,steel frame
39.77321957,-105.0490841,900000,Religion and Nonprofit,1986,14208,33,wood frame
39.78828875,-105.083958,800000000,Wholesale Trade,2007,28814,5,steel frame
39.727477,-105.0511775,600000,Religion and Nonprofit,1989,39924,9,steel frame
39.80842824,-105.0457327,5000000,Entertainment and Recreation,1936,29152,22,wood frame
39.74696744,-105.1087404,40000000,Heavy Fabrication and Assembly,1971,24582,11,masonry
39.79279123,-105.1027347,700000,Entertainment and Recreation,2007,30112,34,steel frame
39.74863609,-105.1069229,20000,General Commercial,1978,8972,9,reinforced concrete
39.76883172,-105.0506928,70000,Heavy Fabrication and Assembly,1992,17378,29,wood frame
39.808147,-105.0717423,8000000,Heavy Fabrication and Assembly,1979,38827,8,reinforced masonry
39.79123468,-105.1194912,400000000,Group Institutional Housing,1939,30302,37,reinforced concrete
39.80572154,-105.0750319,3000000,Construction,2006,14638,5,wood frame
39.74353533,-105.0865669,6000000,Group Institutional Housing,1932,33781,11,wood frame
39.74893287,-105.0844832,200000,Education,1946,17030,20,reinforced concrete
39.81028885,-105.0432784,3000000,Heavy Fabrication and Assembly,2004,11117,27,reinforced concrete
39.79453434,-105.1038854,5000000,Heavy Fabrication and Assembly,1993,22053,7,wood frame
39.78619868,-105.0330242,500000,Permanent Dwelling (single family housing),1976,16122,21,wood frame
39.74865805,-105.1081721,300000000,Construction,1940,8976,40,steel frame
39.73123559,-105.0930515,100000000,Religion and Nonprofit,1960,17960,10,wood frame
39.79188842,-105.0967622,10000,Construction,1939,27684,8,masonry
39.73122396,-105.0910392,20000,General Commercial,1973,17226,11,steel frame
39.74670435,-105.1058493,400000000,Construction,1930,21408,44,wood frame
39.79720153,-105.0460044,200000,Group Institutional Housing,1952,12722,46,masonry
39.78936002,-105.1231959,30000000,Religion and Nonprofit,2002,35294,22,masonry
39.78782219,-105.0812701,600000000,Heavy Fabrication and Assembly,1939,23826,24,masonry
39.7296765,-105.0514189,50000,Permanent Dwelling (multi family housing),1936,20162,30,reinforced concrete
39.76721437,-105.0587784,800000000,Permanent Dwelling (single family housing),1939,11211,12,steel frame
39.78340655,-105.08216,7000000,Wholesale Trade,1952,16663,6,reinforced masonry
39.78390761,-105.0305144,5000000,Permanent Dwelling (multi family housing),1960,5506,8,reinforced masonry
39.79944784,-105.0424568,300000000,Permanent Dwelling (multi family housing),1936,34349,27,reinforced masonry
39.74747698,-105.0847736,300000,Group Institutional Housing,1960,38342,48,steel frame
39.7924666,-105.1185517,90000,Construction,1992,36679,6,reinforced concrete
39.7309547,-105.0526294,50000,Temporary Lodging,1932,33855,42,masonry
39.76794493,-105.0829605,600000,Construction,1984,31768,30,reinforced masonry
39.79019948,-105.0825852,40000,Permanent Dwelling (single family housing),2008,3275,19,masonry
39.79161251,-105.1026893,60000,Construction,1996,4764,35,wood frame
39.74685504,-105.1061445,5000000,Group Institutional Housing,1955,22502,21,masonry
39.79216042,-105.1027849,20000000,Temporary Lodging,1998,15747,4,reinforced concrete
39.81070704,-105.0551089,600000000,Construction,1993,4782,2,steel frame
39.72948513,-105.0545398,300000000,General Commercial,2009,17545,6,wood frame
39.7608108,-105.1053499,50000,Entertainment and Recreation,1992,3837,28,wood frame
39.80221261,-105.0417228,600000000,Temporary Lodging,2004,6397,6,steel frame
39.79422955,-105.1036176,500000000,Education,1946,23595,2,steel frame
39.79118239,-105.1001846,90000,Construction,1991,19934,11,wood frame
39.74607563,-105.1061355,900000000,Entertainment and Recreation,1982,34774,3,masonry
39.74856166,-105.108498,100000000,Entertainment and Recreation,1979,30635,12,wood frame
39.76013007,-105.107545,8000000,Construction,1971,22615,35,masonry
39.78966636,-105.1210699,200000,Religion and Nonprofit,1931,20435,20,reinforced concrete
39.77207304,-105.0486103,4000000,Temporary Lodging,1966,27579,9,reinforced masonry
39.76588835,-105.0871137,900000000,Permanent Dwelling (multi family housing),1968,37597,16,reinforced concrete
39.76730566,-105.0578079,70000,Heavy Fabrication and Assembly,1942,32741,38,masonry
39.7660144,-105.0575391,8000000,Education,1969,15076,12,reinforced concrete
39.78367269,-105.0846408,50000,Permanent Dwelling (multi family housing),1977,32405,41,reinforced masonry
39.79772089,-105.0443018,40000000,Education,1953,23722,43,reinforced masonry
39.81213839,-105.0537709,60000000,Construction,1996,35758,44,steel frame
39.80095641,-105.0411478,400000000,Permanent Dwelling (single family housing),1986,26847,34,reinforced concrete
39.76282009,-105.1027166,10000000,Religion and Nonprofit,1969,32611,37,reinforced concrete
39.81320785,-105.0527335,300000000,General Commercial,1994,21042,32,steel frame
39.76637664,-105.0879633,10000,Permanent Dwelling (multi family housing),1990,1859,19,steel frame
39.7711458,-105.0471054,300000,Education,1946,18487,38,reinforced masonry
39.79859532,-105.0467301,30000000,Permanent Dwelling (multi family housing),1932,6056,28,reinforced masonry
39.75955281,-105.1068888,900000,Construction,1935,18641,22,reinforced masonry
39.81271156,-105.0531208,900000,Heavy Fabrication and Assembly,1971,39111,31,steel frame
39.80932194,-105.0443287,400000,Entertainment and Recreation,1998,26725,50,wood frame
39.76837194,-105.0893262,100000,Entertainment and Recreation,1984,16954,41,reinforced masonry
39.77161292,-105.0522448,300000,Group Institutional Housing,1980,1656,50,wood frame
39.80453711,-105.0428336,800000000,Religion and Nonprofit,1988,24218,40,steel frame
39.76627952,-105.0849752,80000000,Heavy Fabrication and Assembly,1959,30802,45,masonry
39.79238673,-105.1237804,60000000,Construction,1945,5713,18,reinforced masonry
39.75744412,-105.105772,50000,Permanent Dwelling (multi family housing),1978,8883,1,wood frame
39.79953102,-105.0456482,20000,Group Institutional Housing,1934,13820,22,masonry
39.76680511,-105.0859449,90000,Group Institutional Housing,2011,8799,50,reinforced masonry
39.80005096,-105.0445494,8000000,Permanent Dwelling (multi family housing),1994,26767,23,reinforced masonry
39.78953445,-105.0975644,10000000,General Commercial,1955,3718,27,wood frame
39.75892494,-105.0730208,50000000,Entertainment and Recreation,1942,13863,11,steel frame
39.76676519,-105.0860102,500000,Permanent Dwelling (single family housing),1936,39115,23,reinforced concrete
39.7910847,-105.0955232,4000000,Permanent Dwelling (multi family housing),1952,21707,14,masonry
39.73028574,-105.0940774,40000,Permanent Dwelling (single family housing),1985,21871,38,wood frame
39.72944478,-105.0477356,6000000,Heavy Fabrication and Assembly,1990,37818,34,reinforced masonry
39.77051826,-105.047486,900000000,Education,1995,13630,27,steel frame
39.73037304,-105.0932605,10000,Heavy Fabrication and Assembly,2003,36418,48,steel frame
39.80070567,-105.0385371,60000,Group Institutional Housing,1944,36989,14,reinforced concrete
39.74573052,-105.0861725,600000000,Entertainment and Recreation,1938,2934,36,reinforced concrete
39.78514379,-105.0304112,400000,Permanent Dwelling (single family housing),1939,8829,33,steel frame
39.79870083,-105.0443906,6000000,Permanent Dwelling (single family housing),1971,22564,39,steel frame
39.79100177,-105.0954078,20000,Religion and Nonprofit,1960,39631,30,reinforced masonry
39.80976995,-105.0431687,9000000,Wholesale Trade,1931,31846,22,masonry
39.75764589,-105.0748229,600000000,Heavy Fabrication and Assembly,1956,23826,34,reinforced masonry
39.80104802,-105.0397568,300000,Permanent Dwelling (multi family housing),2011,39001,1,reinforced masonry
39.78596932,-105.030767,600000,Heavy Fabrication and Assembly,1963,24048,14,reinforced masonry
39.78940946,-105.0932954,1000000,Temporary Lodging,1994,33057,9,wood frame
39.73214978,-105.0897608,90000,Religion and Nonprofit,1936,3872,24,reinforced masonry
39.74365088,-105.0845808,200000,Construction,1936,35190,36,masonry
39.74949812,-105.1058694,60000,Construction,1981,27815,17,masonry
39.78590107,-105.0811306,900000,Religion and Nonprofit,1934,25518,16,wood frame
39.73202049,-105.0910056,40000000,Heavy Fabrication and Assembly,1937,37860,30,steel frame
39.75671282,-105.0747428,800000000,Religion and Nonprofit,1969,7653,35,reinforced concrete
39.78425284,-105.0323426,3000000,Temporary Lodging,1934,2264,49,wood frame
39.74786834,-105.1072131,400000000,Wholesale Trade,1992,37404,12,reinforced concrete
39.73084805,-105.0932256,50000000,Education,2000,39618,19,wood frame
39.80237342,-105.0395297,400000000,Permanent Dwelling (single family housing),1978,17067,6,masonry
39.74821438,-105.1081325,60000,Wholesale Trade,1988,9305,13,reinforced masonry
39.73053513,-105.0929738,100000,Permanent Dwelling (single family housing),1938,3629,30,masonry
39.77526414,-105.0498086,80000000,Permanent Dwelling (single family housing),1934,23945,2,reinforced masonry
39.75743857,-105.1040335,70000,Permanent Dwelling (single family housing),1980,29898,30,reinforced concrete
39.7284044,-105.0539042,300000,Permanent Dwelling (single family housing),1965,738,22,reinforced masonry
39.73174994,-105.0917181,20000,Heavy Fabrication and Assembly,1988,23673,39,masonry
39.78407771,-105.0335189,4000000,Group Institutional Housing,1964,38217,30,reinforced concrete
39.79402569,-105.1203931,600000000,Education,1998,20716,5,wood frame
39.75906718,-105.0730278,50000,Construction,1952,21438,30,reinforced masonry
39.76796592,-105.0591473,3000000,Wholesale Trade,2000,38829,14,reinforced concrete
39.81227363,-105.0547191,900000,Construction,1984,919,33,masonry
39.78507702,-105.0851175,60000,Entertainment and Recreation,2001,16121,49,wood frame
39.80780981,-105.0429865,900000000,Entertainment and Recreation,2006,31333,47,steel frame
39.76231009,-105.1065486,200000,Temporary Lodging,1943,12651,12,steel frame
39.7679768,-105.0877354,30000,Education,1984,30180,46,masonry
39.78296444,-105.0304175,300000,General Commercial,2013,18206,48,masonry
39.76772313,-105.0570797,60000000,General Commercial,1931,33880,15,reinforced concrete
39.76729714,-105.0843581,200000000,Wholesale Trade,2004,27753,33,reinforced masonry
39.80079782,-105.042739,700000,Education,1945,20994,29,reinforced concrete
39.74355214,-105.085921,80000,General Commercial,1963,36048,14,wood frame
39.79097342,-105.0964727,900000,Permanent Dwelling (multi family housing),1961,10157,13,reinforced concrete
39.8129947,-105.0518425,40000,Religion and Nonprofit,2015,18517,19,reinforced concrete
39.7932272,-105.1029166,2000000,Wholesale Trade,2009,15848,28,reinforced concrete
39.79116702,-105.0923356,60000000,Group Institutional Housing,1940,26348,27,reinforced masonry
39.76941532,-105.0498211,20000,Group Institutional Housing,1941,26807,14,reinforced concrete
39.74338931,-105.083718,30000,Heavy Fabrication and Assembly,1964,27525,20,masonry
39.79711791,-105.1207037,70000,Construction,1993,23943,14,masonry
39.78995022,-105.1204052,900000,Temporary Lodging,1981,9891,7,steel frame
39.74907332,-105.1078429,60000,General Commercial,2000,22367,1,reinforced masonry
39.72876686,-105.055613,8000000,Group Institutional Housing,1961,38782,22,reinforced masonry
39.78916471,-105.0967868,90000000,Permanent Dwelling (multi family housing),2005,34147,1,reinforced concrete
39.78536341,-105.0817612,700000000,Temporary Lodging,2015,37898,46,reinforced concrete
39.76796574,-105.0843847,900000000,Heavy Fabrication and Assembly,1992,22346,28,wood frame
39.80166144,-105.0468834,4000000,Permanent Dwelling (single family housing),1968,28306,20,steel frame
39.72941314,-105.0940748,50000,Temporary Lodging,2009,4933,11,reinforced masonry
39.72907118,-105.0512681,100000000,Construction,2002,11211,37,steel frame
39.76752715,-105.058364,30000,Temporary Lodging,2001,25726,23,reinforced masonry
39.79053846,-105.1229926,600000,Entertainment and Recreation,1987,39702,1,masonry
39.73187477,-105.0915031,100000,Religion and Nonprofit,1973,5874,36,steel frame
39.80713224,-105.0730577,800000000,Entertainment and Recreation,1931,38817,23,reinforced concrete
39.79545101,-105.1005784,200000000,Permanent Dwelling (multi family housing),1954,25008,33,wood frame
39.76971893,-105.0507084,500000,Religion and Nonprofit,1980,23817,3,steel frame
39.78971808,-105.0960218,10000000,Entertainment and Recreation,1978,20589,9,reinforced concrete
39.74845813,-105.1083261,20000,Heavy Fabrication and Assembly,1984,35573,31,masonry
39.78628198,-105.0856797,400000,Group Institutional Housing,1950,27825,18,steel frame
39.75908796,-105.0734965,90000000,Permanent Dwelling (single family housing),1952,5686,43,reinforced concrete
39.79801421,-105.0457259,1000000,Permanent Dwelling (single family housing),1963,4129,36,steel frame
39.7702475,-105.0471357,5000000,Temporary Lodging,1976,34224,19,steel frame
39.7923397,-105.1238989,60000000,Group Institutional Housing,1970,14542,38,masonry
39.74398223,-105.0814713,600000000,Education,1949,24500,40,wood frame
39.79995677,-105.0404705,60000000,Heavy Fabrication and Assembly,2015,30669,10,reinforced masonry
39.74925328,-105.107108,50000,Wholesale Trade,1958,30855,49,wood frame
39.74696298,-105.0820296,700000,Entertainment and Recreation,1968,6856,37,masonry
39.78947846,-105.1218046,20000,Heavy Fabrication and Assembly,1946,34922,45,reinforced concrete
39.8140517,-105.0522603,90000000,Heavy Fabrication and Assembly,1934,34633,49,steel frame
39.75839638,-105.0748978,5000000,Entertainment and Recreation,1972,10317,46,masonry
39.80193247,-105.040663,900000,Group Institutional Housing,1946,28465,41,wood frame
39.79425965,-105.1215057,60000000,Religion and Nonprofit,1981,23591,28,reinforced masonry
39.78725604,-105.082755,4000000,Permanent Dwelling (single family housing),1944,11396,19,steel frame
39.73083401,-105.0916808,40000000,Permanent Dwelling (single family housing),1976,7085,34,masonry
39.76839047,-105.0876735,30000000,Permanent Dwelling (multi family housing),2008,35434,29,steel frame
39.8087851,-105.0448624,100000000,Wholesale Trade,1958,34027,16,steel frame
39.76706534,-105.0856469,90000000,Education,1991,39651,20,reinforced masonry
39.74747886,-105.0838378,5000000,Religion and Nonprofit,1986,15674,16,steel frame
39.74629672,-105.1067993,10000,Education,1937,14015,13,steel frame
39.76788603,-105.0881923,200000000,Heavy Fabrication and Assembly,1995,23225,39,reinforced masonry
39.74440013,-105.0827789,7000000,Wholesale Trade,1965,8708,11,masonry
39.74890109,-105.1087923,700000000,Heavy Fabrication and Assembly,2013,21089,49,wood frame
39.76135819,-105.1067235,50000,Construction,1963,31450,43,reinforced masonry
39.80588728,-105.0738762,80000,Education,1960,12049,50,masonry
39.78699316,-105.0822706,500000,General Commercial,1994,6264,35,masonry
39.74850998,-105.1102985,900000,Entertainment and Recreation,1943,3118,44,reinforced masonry
39.76823038,-105.0862428,4000000,Construction,1966,35177,30,wood frame
39.78341087,-105.0327006,2000000,Religion and Nonprofit,1956,36578,20,wood frame
39.81249155,-105.0529911,1000000,Permanent Dwelling (single family housing),1970,2139,8,masonry
39.75809317,-105.0733173,100000,General Commercial,2005,24794,17,reinforced masonry
39.79326129,-105.1019795,60000,Construction,1990,39842,9,reinforced masonry
39.74814617,-105.1061289,3000000,General Commercial,1948,1880,45,reinforced concrete
39.79066396,-105.1037506,70000000,Education,2014,27816,42,reinforced masonry
39.78558711,-105.0315115,80000000,Permanent Dwelling (multi family housing),2012,6817,16,reinforced masonry
39.748861,-105.1087925,10000000,General Commercial,1991,25519,29,reinforced concrete
39.73003209,-105.0506206,10000000,Permanent Dwelling (single family housing),2009,10771,35,masonry
39.78628455,-105.0333804,700000000,Entertainment and Recreation,1981,17281,38,masonry
39.79318114,-105.1209783,800000000,Heavy Fabrication and Assembly,1984,8767,37,steel frame
39.76864696,-105.0876845,50000,Group Institutional Housing,1981,3828,7,wood frame
39.76693057,-105.0862004,70000,Wholesale Trade,1933,2087,26,wood frame
39.76829505,-105.0882663,200000000,General Commercial,1997,30060,33,masonry
39.79941504,-105.040089,4000000,Group Institutional Housing,1940,33566,28,wood frame
39.78531549,-105.086563,900000000,General Commercial,1967,18834,6,wood frame
39.79872429,-105.0467465,70000,Entertainment and Recreation,1931,13825,21,masonry
39.8131064,-105.0521011,50000,Heavy Fabrication and Assembly,2006,19962,25,reinforced masonry
39.72865524,-105.0506464,600000000,Permanent Dwelling (multi family housing),1974,32401,12,reinforced masonry
39.81128579,-105.0527152,7000000,Religion and Nonprofit,2006,17961,35,reinforced masonry
39.73104219,-105.0516037,50000,Permanent Dwelling (single family housing),1970,19120,14,reinforced concrete
39.7898424,-105.0947421,300000,Temporary Lodging,1960,35551,23,masonry
39.74716858,-105.0809271,6000000,Permanent Dwelling (single family housing),1952,24777,47,wood frame
39.81025771,-105.0434923,10000,Group Institutional Housing,1965,26569,9,reinforced masonry
39.80834331,-105.045416,800000,Permanent Dwelling (single family housing),1945,38848,16,steel frame
39.7331427,-105.0908646,2000000,Temporary Lodging,1967,14737,18,reinforced masonry
39.76611396,-105.0569537,90000,Temporary Lodging,1951,14292,29,reinforced masonry
39.75796094,-105.0731335,900000,General Commercial,2008,14785,40,wood frame
39.81407153,-105.0551096,50000,Permanent Dwelling (single family housing),1945,24846,25,masonry
39.76930019,-105.0876126,4000000,General Commercial,1974,13037,7,reinforced masonry
39.79413406,-105.1166581,20000000,General Commercial,1979,1801,11,wood frame
39.80911992,-105.0427038,6000000,Religion and Nonprofit,1964,32930,20,masonry
39.8073699,-105.0732681,200000,Education,1961,5091,48,wood frame
39.80313483,-105.0403883,400000000,Group Institutional Housing,1996,24657,22,wood frame
39.74691075,-105.0823199,500000,Entertainment and Recreation,1993,38679,21,reinforced concrete
39.81152298,-105.053308,1000000,Temporary Lodging,1983,30254,45,masonry
39.80690641,-105.0438619,80000000,Heavy Fabrication and Assembly,2008,20551,12,wood frame
39.78946578,-105.122646,300000000,Permanent Dwelling (multi family housing),1985,38582,24,wood frame
39.79647841,-105.1198787,80000,Group Institutional Housing,2003,31777,18,masonry
39.74707841,-105.1067844,10000,Religion and Nonprofit,2008,19839,34,steel frame
39.79240652,-105.1047022,90000,Permanent Dwelling (multi family housing),1960,21482,47,masonry
39.79833688,-105.0433331,200000,Temporary Lodging,1965,36845,40,reinforced concrete
39.7893478,-105.122894,500000,Religion and Nonprofit,1996,7880,44,masonry
39.77187414,-105.0483187,600000000,Temporary Lodging,1932,1470,39,reinforced masonry
39.78492665,-105.0850046,50000,Group Institutional Housing,1994,20673,47,reinforced masonry
39.78406713,-105.0319772,20000000,Temporary Lodging,1931,597,33,steel frame
39.74923064,-105.109136,9000000,Group Institutional Housing,1937,23733,12,wood frame
39.81150798,-105.0533651,300000000,Heavy Fabrication and Assembly,1972,31966,32,wood frame
39.74783923,-105.110099,400000000,Entertainment and Recreation,1998,28184,41,masonry
39.79949098,-105.044127,4000000,Entertainment and Recreation,1941,30959,35,reinforced masonry
39.73046959,-105.0523682,800000,Permanent Dwelling (single family housing),1960,28193,39,masonry
39.78937845,-105.0858085,60000,Entertainment and Recreation,1981,21520,23,steel frame
39.79944641,-105.0431785,900000,Heavy Fabrication and Assembly,1964,3551,41,reinforced concrete
39.74863242,-105.0831485,100000000,Construction,1982,2427,17,wood frame
39.81462947,-105.0554945,800000,Construction,1943,31859,49,wood frame
39.78961591,-105.0932063,100000,General Commercial,1938,12081,46,reinforced concrete
39.74571882,-105.0868704,50000000,Permanent Dwelling (multi family housing),1962,29509,13,masonry
39.74720279,-105.1061218,40000,Permanent Dwelling (multi family housing),1987,24140,3,masonry
39.79451782,-105.0940471,70000000,Construction,1967,35839,5,reinforced concrete
39.79342646,-105.1193586,4000000,Permanent Dwelling (single family housing),2004,34788,38,wood frame
39.80689334,-105.0757578,4000000,Permanent Dwelling (single family housing),1936,6887,48,steel frame
39.74591252,-105.1056902,80000,Permanent Dwelling (single family housing),1930,14931,50,masonry
39.75669549,-105.0738035,2000000,Education,2013,9490,23,wood frame
39.784299,-105.0303986,200000,General Commercial,1959,36710,33,steel frame
39.72951822,-105.0906311,70000,Permanent Dwelling (multi family housing),2005,20334,48,wood frame
39.76752319,-105.0863032,400000,Heavy Fabrication and Assembly,1999,9774,49,steel frame
39.73064071,-105.0513521,60000,Construction,1930,25969,21,steel frame
39.77441367,-105.0485499,60000,Temporary Lodging,1981,16544,44,reinforced masonry
39.80760969,-105.0718602,70000000,Permanent Dwelling (single family housing),1988,22844,8,masonry
39.74671266,-105.0906123,2000000,Permanent Dwelling (multi family housing),1930,35794,4,reinforced concrete
39.75862461,-105.0719374,1000000,Group Institutional Housing,1991,17873,30,wood frame
39.80027189,-105.044431,400000000,Permanent Dwelling (single family housing),2003,15516,31,steel frame
39.7950013,-105.1030651,80000000,Construction,1967,30236,18,reinforced masonry
39.79300858,-105.1185813,100000,General Commercial,1956,27991,21,wood frame
39.81103612,-105.0522219,30000000,Religion and Nonprofit,1945,17534,16,reinforced masonry
39.78426036,-105.0313958,80000,Permanent Dwelling (single family housing),1998,7624,38,reinforced concrete
39.78947171,-105.1238696,50000000,Education,2004,38787,11,masonry
39.7934509,-105.1210293,600000000,Entertainment and Recreation,1961,15754,43,reinforced masonry
39.81127236,-105.0530354,200000000,General Commercial,1944,20203,44,reinforced concrete
39.7984285,-105.0458422,7000000,Wholesale Trade,1997,12526,9,masonry
39.77097623,-105.0459094,200000,Entertainment and Recreation,1960,20060,10,wood frame
39.72847905,-105.0935373,800000,Religion and Nonprofit,1954,13106,49,steel frame
39.79290425,-105.1204882,10000,Group Institutional Housing,2014,1822,41,masonry
39.81193378,-105.0539291,40000000,Religion and Nonprofit,1961,23065,4,reinforced masonry
39.74784938,-105.084442,200000000,Permanent Dwelling (single family housing),1965,6217,10,steel frame
39.79649265,-105.1043843,500000000,Temporary Lodging,1937,37300,37,reinforced concrete
39.81040738,-105.0555591,400000,Temporary Lodging,1955,19842,39,reinforced masonry
39.76512393,-105.091406,30000000,Religion and Nonprofit,1931,3861,25,masonry
39.78350422,-105.0325318,500000000,Group Institutional Housing,2009,23364,15,reinforced concrete
39.76708435,-105.0891189,200000000,Temporary Lodging,1987,12755,9,masonry
39.78862424,-105.0884351,700000,Education,1990,6517,49,reinforced masonry
39.73132926,-105.0938028,20000,Permanent Dwelling (single family housing),1951,31723,24,steel frame
39.74783099,-105.1072719,500000,Construction,1990,8003,36,masonry
39.76737339,-105.0596468,90000,Wholesale Trade,1933,21676,41,reinforced masonry
39.78753207,-105.0315514,900000,General Commercial,1975,13262,5,reinforced concrete
39.78619404,-105.0875956,1000000,Wholesale Trade,1933,37916,49,wood frame
39.75838512,-105.073416,30000,Entertainment and Recreation,1973,13034,29,steel frame
39.76632417,-105.0588677,50000000,Construction,1964,30925,41,reinforced masonry
39.78453932,-105.0813894,50000000,Religion and Nonprofit,1978,31282,18,reinforced masonry
39.77133511,-105.0491041,300000000,Construction,2007,18426,38,reinforced masonry
39.80591187,-105.074319,30000000,Permanent Dwelling (single family housing),1962,33884,19,reinforced concrete
39.8075659,-105.0740527,100000000,Permanent Dwelling (single family housing),1971,1129,50,masonry
39.80044263,-105.0367085,900000000,Education,1997,28394,9,reinforced masonry
39.75728689,-105.0736646,300000000,Education,1994,2848,45,reinforced masonry
39.78938184,-105.1215807,70000,Group Institutional Housing,2013,12871,23,reinforced masonry
39.7669166,-105.0871849,80000,Heavy Fabrication and Assembly,1968,35961,31,reinforced masonry
39.74873467,-105.1090853,60000000,Permanent Dwelling (multi family housing),1951,19563,29,reinforced masonry
39.80752204,-105.0426876,800000,General Commercial,1977,38497,11,reinforced concrete
39.79543799,-105.1196485,800000000,Education,2003,2003,22,steel frame
39.79195229,-105.0931434,20000,Permanent Dwelling (multi family housing),1984,35652,43,masonry
39.79236067,-105.1197891,60000000,Group Institutional Housing,1980,1543,50,reinforced concrete
39.76624181,-105.058054,10000,Entertainment and Recreation,1977,1403,41,steel frame
39.7897764,-105.1212065,2000000,Heavy Fabrication and Assembly,2010,26748,17,reinforced masonry
39.78625098,-105.0835844,200000000,General Commercial,1939,23892,23,wood frame
39.75692277,-105.0760364,50000000,Permanent Dwelling (single family housing),1999,37246,45,reinforced masonry
39.76035904,-105.105439,200000000,Temporary Lodging,2007,10269,12,masonry
39.76414762,-105.0846655,600000000,General Commercial,1974,13313,47,masonry
39.7578032,-105.0735285,20000,Permanent Dwelling (single family housing),1958,14149,19,reinforced concrete
39.74508604,-105.0799189,2000000,Construction,2014,17612,2,wood frame
39.75716625,-105.0734368,60000,Education,1982,5468,26,reinforced concrete
39.7857862,-105.0832447,2000000,General Commercial,1962,3697,33,reinforced masonry
39.76843527,-105.0586602,70000000,General Commercial,1940,8519,36,reinforced concrete
39.7916482,-105.0946797,600000000,Permanent Dwelling (single family housing),2003,19789,37,masonry
39.728374,-105.0907056,40000000,Permanent Dwelling (single family housing),1931,4888,21,steel frame
39.78448199,-105.0298872,80000000,Permanent Dwelling (multi family housing),1946,1291,34,reinforced masonry
39.76667624,-105.0592447,30000,Permanent Dwelling (multi family housing),1993,37493,10,masonry
39.78383205,-105.0873519,600000,Permanent Dwelling (single family housing),1960,38515,27,wood frame
39.76722762,-105.0579098,500000000,Temporary Lodging,1983,28487,41,masonry
39.75724886,-105.0740293,2000000,General Commercial,1985,34092,6,wood frame
39.72948367,-105.0952141,80000,Religion and Nonprofit,1980,38870,30,masonry
39.81352806,-105.0520162,80000,Religion and Nonprofit,1936,10606,25,reinforced masonry
39.79174039,-105.1026553,200000,Education,1980,29535,32,reinforced masonry
39.76531061,-105.1061817,200000000,Temporary Lodging,1932,29567,2,steel frame
39.80164479,-105.0412026,8000000,Entertainment and Recreation,1980,36432,38,reinforced concrete
39.79167734,-105.0910341,80000000,Permanent Dwelling (single family housing),1966,23463,20,wood frame
39.76652809,-105.0587249,2000000,Heavy Fabrication and Assembly,1982,11958,42,reinforced masonry
39.79855877,-105.0456185,1000000,Wholesale Trade,2012,19471,11,masonry
39.7313478,-105.0924197,900000000,General Commercial,1995,3018,11,masonry
39.79807927,-105.0472547,60000000,Entertainment and Recreation,1932,16911,19,masonry
39.74401323,-105.0843312,40000,Heavy Fabrication and Assembly,1963,11667,19,steel frame
39.79947685,-105.0415608,70000000,Construction,1999,27654,45,reinforced masonry
39.79189123,-105.1214409,50000000,Construction,2015,22875,50,reinforced concrete
39.7262687,-105.0512942,30000000,Group Institutional Housing,1956,14228,35,wood frame
39.76343136,-105.1031176,90000000,Permanent Dwelling (single family housing),1941,32115,10,masonry
39.79321104,-105.119841,10000000,Construction,1934,6675,4,reinforced concrete
39.80603791,-105.0437099,600000,Religion and Nonprofit,1974,37470,10,masonry
39.79040624,-105.0945664,600000,Heavy Fabrication and Assembly,1941,37036,1,reinforced masonry
39.78668937,-105.0825734,600000000,Temporary Lodging,1952,10182,5,reinforced masonry
39.76775392,-105.0598977,90000000,Permanent Dwelling (multi family housing),1975,27314,34,wood frame
39.80071905,-105.0412222,30000,Group Institutional Housing,2004,11142,35,reinforced concrete
39.80591664,-105.0435256,1000000,Permanent Dwelling (multi family housing),2009,24436,28,reinforced masonry
39.80792153,-105.0447445,40000,Permanent Dwelling (single family housing),2012,16178,41,reinforced masonry
39.79231063,-105.1050327,400000,Wholesale Trade,1978,23603,17,reinforced concrete
39.78432653,-105.0327208,70000000,Education,2012,32576,42,reinforced masonry
39.729491,-105.0524217,40000000,Temporary Lodging,1988,31119,42,reinforced concrete
39.74792576,-105.1074979,9000000,Religion and Nonprofit,1996,24635,13,masonry
39.72901741,-105.0920745,500000000,Education,1966,33385,31,reinforced concrete
39.79464751,-105.1025152,4000000,Temporary Lodging,1953,27834,20,reinforced masonry
39.81325464,-105.0550069,8000000,General Commercial,1960,36604,3,steel frame
39.80983559,-105.0458398,6000000,Religion and Nonprofit,1956,28359,13,reinforced masonry
39.79823191,-105.0406141,90000,General Commercial,1998,12362,4,reinforced masonry
39.73172294,-105.0921251,700000,Entertainment and Recreation,1993,18523,2,reinforced masonry
39.76769005,-105.0607518,600000000,General Commercial,1972,34085,33,reinforced concrete
39.78447911,-105.0318253,90000000,Entertainment and Recreation,1981,25704,35,masonry
39.73063443,-105.0928148,50000,Entertainment and Recreation,2015,8409,12,reinforced masonry
39.79798925,-105.0441792,80000000,Religion and Nonprofit,1943,25452,32,reinforced masonry
39.76045645,-105.1094072,200000000,General Commercial,1951,22738,31,steel frame
39.79870791,-105.0391931,2000000,Construction,1934,31169,10,reinforced concrete
39.74776506,-105.1082725,70000000,Religion and Nonprofit,1987,9967,10,steel frame
39.76629563,-105.0888566,10000,Permanent Dwelling (multi family housing),1965,37732,31,steel frame
39.74606098,-105.110301,40000000,Permanent Dwelling (single family housing),1953,17834,32,masonry
39.79917097,-105.0466674,30000,Temporary Lodging,1943,2927,34,reinforced masonry
39.79223171,-105.0956658,7000000,General Commercial,1955,29002,21,wood frame
39.80629684,-105.0753293,50000000,General Commercial,1950,37870,49,reinforced concrete
39.79204969,-105.1231403,50000,Religion and Nonprofit,1979,13251,31,wood frame
39.79497245,-105.1193671,500000,Heavy Fabrication and Assembly,1955,17198,28,wood frame
39.73043362,-105.0935462,200000,Group Institutional Housing,1983,15941,44,wood frame
39.79222612,-105.1028338,60000000,Construction,1967,28822,19,masonry
39.80799488,-105.0727296,100000000,General Commercial,1954,4556,45,reinforced masonry
39.78477073,-105.0307583,600000000,General Commercial,1991,32748,2,reinforced concrete
39.74541581,-105.1073116,20000,Temporary Lodging,1966,39165,4,wood frame
39.78931243,-105.0955984,3000000,Permanent Dwelling (single family housing),1976,29485,37,steel frame
39.81015838,-105.0432929,600000000,Group Institutional Housing,1944,1933,32,reinforced concrete
39.79608445,-105.121613,9000000,Permanent Dwelling (single family housing),1999,34805,9,masonry
39.79809553,-105.0455806,20000000,Wholesale Trade,1988,2112,42,reinforced masonry
39.78926813,-105.1205052,600000,Religion and Nonprofit,1940,12374,15,steel frame
39.74694482,-105.085858,70000000,Construction,1998,25854,49,reinforced concrete
39.79788407,-105.1197795,2000000,Construction,1953,11654,30,wood frame
39.72996206,-105.0526702,90000,Entertainment and Recreation,1976,21382,7,wood frame
39.79846493,-105.0432143,70000,Temporary Lodging,2003,25339,43,reinforced concrete
39.74427029,-105.0861244,40000,Education,1952,32258,3,masonry
39.75118517,-105.0800311,200000,Heavy Fabrication and Assembly,1938,30138,38,steel frame
39.74824714,-105.1079659,9000000,General Commercial,1996,37128,9,wood frame
39.80015773,-105.0428983,8000000,Temporary Lodging,2005,14593,33,reinforced concrete
39.78717164,-105.0831109,60000000,Permanent Dwelling (single family housing),2004,24856,35,reinforced masonry
39.74445037,-105.0855073,400000,Religion and Nonprofit,1975,17979,10,masonry
39.76721544,-105.0583128,900000000,Group Institutional Housing,2001,11954,5,reinforced concrete
39.79150654,-105.095747,40000,Religion and Nonprofit,1994,30912,18,masonry
39.78493497,-105.0311679,30000,Permanent Dwelling (single family housing),2013,19561,31,wood frame
39.79130196,-105.1050366,3000000,Heavy Fabrication and Assembly,2004,35177,12,masonry
39.79613712,-105.1210695,10000,Education,1980,1122,38,wood frame
39.808306,-105.0405685,500000000,Heavy Fabrication and Assembly,1958,14796,29,masonry
39.7945184,-105.1219495,400000000,Entertainment and Recreation,1990,7817,29,wood frame
39.79898802,-105.0445679,700000,General Commercial,1964,2262,35,masonry
39.72968186,-105.0509169,40000,Group Institutional Housing,1960,38355,43,wood frame
39.80019399,-105.0451916,800000,Permanent Dwelling (multi family housing),1980,20978,14,steel frame
39.7898354,-105.0959722,10000000,Construction,1959,21045,40,masonry
39.74651254,-105.0830485,40000000,Wholesale Trade,1976,20703,5,reinforced masonry
39.80703529,-105.0731276,2000000,Religion and Nonprofit,1996,26808,49,steel frame
39.79284305,-105.1181327,600000,Permanent Dwelling (multi family housing),2011,3014,47,steel frame
39.8101192,-105.0729247,900000,Wholesale Trade,1972,30148,34,reinforced concrete
39.79184655,-105.0941069,30000,Permanent Dwelling (single family housing),1955,35919,33,masonry
39.78576429,-105.0299406,200000000,Construction,1939,15431,37,reinforced masonry
39.7858811,-105.0808823,800000000,Construction,1962,23866,22,reinforced masonry
39.81371579,-105.052663,8000000,Education,1932,33853,41,steel frame
39.74854257,-105.1075218,900000000,Wholesale Trade,1946,21456,28,masonry
39.7317554,-105.0922603,100000000,Heavy Fabrication and Assembly,1982,9762,35,reinforced masonry
39.78531706,-105.0827006,400000,Religion and Nonprofit,1944,13924,36,masonry
39.79698571,-105.1009633,10000,Permanent Dwelling (single family housing),1974,38565,40,masonry
39.75686509,-105.0757481,10000,Education,1931,3833,30,steel frame
39.76407405,-105.0839482,9000000,Religion and Nonprofit,2001,30155,36,reinforced concrete
39.80803957,-105.0435306,5000000,Permanent Dwelling (single family housing),1993,13058,45,steel frame
39.78536307,-105.0319453,80000,Group Institutional Housing,2009,16040,22,masonry
39.81163787,-105.0432328,500000000,Entertainment and Recreation,1954,31197,10,reinforced masonry
39.79094642,-105.1234061,4000000,Religion and Nonprofit,2007,17239,32,reinforced concrete
39.78937789,-105.1235925,60000000,Wholesale Trade,1988,12417,30,wood frame
39.74645624,-105.1066714,300000000,Wholesale Trade,2005,12975,7,reinforced concrete
39.75909467,-105.0724094,400000,Entertainment and Recreation,1957,29997,5,steel frame
39.76922185,-105.0871128,50000,Temporary Lodging,1952,36419,3,steel frame
39.79250287,-105.0945948,50000000,Permanent Dwelling (multi family housing),1950,22385,50,reinforced masonry
39.74578722,-105.0826276,500000,Permanent Dwelling (single family housing),1957,19588,47,steel frame
39.76102081,-105.1084616,5000000,Religion and Nonprofit,1960,36255,26,steel frame
39.79877002,-105.0465457,800000000,Group Institutional Housing,2002,16759,30,masonry
39.800648,-105.0400999,300000,Religion and Nonprofit,1948,29107,9,steel frame
39.75892799,-105.0741926,20000,Heavy Fabrication and Assembly,2015,8539,47,reinforced masonry
39.76795619,-105.0596853,100000000,General Commercial,1976,25975,2,wood frame
39.80712398,-105.0719036,9000000,General Commercial,1974,27804,48,steel frame
39.7645925,-105.0580958,800000000,Permanent Dwelling (multi family housing),1984,15268,35,reinforced concrete
39.76825512,-105.0573436,200000000,Education,2002,38083,9,reinforced concrete
39.73134985,-105.0523467,50000,Permanent Dwelling (multi family housing),1969,2943,42,wood frame
39.7662629,-105.059049,600000,Heavy Fabrication and Assembly,1954,19150,10,wood frame
39.74588222,-105.0838064,9000000,Construction,1985,31422,16,masonry
39.79094338,-105.1013517,60000,Construction,1935,19654,19,reinforced concrete
39.76565513,-105.0869468,50000,Entertainment and Recreation,1966,4430,15,masonry
39.79285936,-105.096015,80000,Permanent Dwelling (multi family housing),1966,6441,22,steel frame
39.78978183,-105.0847176,400000,Education,1968,22606,23,steel frame
39.72950958,-105.0542408,400000000,Construction,1966,20167,27,reinforced concrete
39.76568952,-105.0590959,5000000,Group Institutional Housing,1959,30431,44,reinforced concrete
39.8098677,-105.0427473,700000,Education,1953,3904,40,reinforced masonry
39.81082649,-105.0407038,60000000,Permanent Dwelling (multi family housing),1958,9533,40,reinforced masonry
39.7877726,-105.0838375,300000,Heavy Fabrication and Assembly,1979,37307,47,steel frame
39.76248235,-105.1063783,6000000,Entertainment and Recreation,1981,11288,15,reinforced concrete
39.74344915,-105.0843015,50000,Temporary Lodging,1980,38409,12,wood frame
39.76168591,-105.1039058,40000,General Commercial,2013,15689,15,wood frame
39.72968133,-105.0911538,500000,Construction,1979,10442,7,wood frame
39.8086637,-105.0432872,70000,Temporary Lodging,2007,30587,41,reinforced masonry
39.79431345,-105.1208153,800000000,Temporary Lodging,1987,9252,41,reinforced masonry
39.79850542,-105.0444189,90000,Group Institutional Housing,1994,21924,13,steel frame
39.79212144,-105.0945423,500000000,Entertainment and Recreation,1973,21311,39,masonry
39.76627568,-105.0583704,500000000,General Commercial,1992,32702,35,wood frame
39.78857724,-105.0820526,500000000,Permanent Dwelling (single family housing),1998,8749,20,reinforced concrete
39.79431017,-105.1199285,200000,Permanent Dwelling (multi family housing),1933,8994,36,reinforced masonry
39.79076897,-105.1215786,500000000,Wholesale Trade,1983,8609,20,reinforced concrete
39.81233501,-105.0527108,800000000,Group Institutional Housing,1944,36216,8,steel frame
39.74679062,-105.0845291,50000,Permanent Dwelling (single family housing),1992,36757,25,masonry
39.76472877,-105.0586422,80000000,Temporary Lodging,1964,38062,5,steel frame
39.76577943,-105.0565096,400000,Education,1930,30072,18,masonry
39.80686722,-105.0419323,70000,Construction,1930,25912,31,reinforced concrete
39.76706897,-105.0899388,60000000,General Commercial,1963,39369,44,steel frame
39.74740751,-105.1071337,500000000,Temporary Lodging,1977,24063,16,masonry
39.76775942,-105.0844917,4000000,Permanent Dwelling (multi family housing),1972,12691,42,wood frame
39.8057909,-105.0715305,20000000,Group Institutional Housing,1933,996,42,masonry
39.80053602,-105.0396846,80000000,Permanent Dwelling (multi family housing),2003,36027,36,reinforced masonry
39.78520793,-105.0312439,20000,Group Institutional Housing,1972,17406,1,masonry
39.79510739,-105.1208275,8000000,Temporary Lodging,1964,6320,11,reinforced concrete
39.79174474,-105.1211707,3000000,Construction,1933,37916,30,wood frame
39.79550982,-105.1203274,700000,Religion and Nonprofit,1979,15157,16,masonry
39.76784952,-105.0866315,200000000,Temporary Lodging,1951,2852,18,reinforced concrete
39.80861726,-105.0440497,500000000,Construction,1938,38881,12,masonry
39.79280762,-105.1177019,90000,Wholesale Trade,1940,16565,6,reinforced concrete
39.74647852,-105.0812051,70000000,Wholesale Trade,2005,10937,12,wood frame
39.80554461,-105.0759716,200000000,Heavy Fabrication and Assembly,1994,8176,45,reinforced masonry
39.73119737,-105.049601,7000000,Wholesale Trade,1951,32348,44,steel frame
39.79461182,-105.1011263,400000000,Permanent Dwelling (multi family housing),1976,2758,21,steel frame
39.80881019,-105.0437527,300000,Permanent Dwelling (single family housing),1972,20417,22,reinforced masonry
39.80024907,-105.0427805,200000000,Construction,1959,32039,20,reinforced masonry
39.79222574,-105.1021004,400000,Temporary Lodging,1973,26187,50,reinforced concrete
39.79859931,-105.0438059,2000000,Permanent Dwelling (single family housing),1967,25885,28,masonry
39.74663985,-105.0813115,500000,Temporary Lodging,1978,27699,27,masonry
39.78894843,-105.0945727,4000000,Construction,1942,29376,12,masonry
39.75770274,-105.074404,70000,Construction,1980,2143,28,masonry
39.75989493,-105.0729984,800000000,Construction,1982,8342,32,steel frame
39.78605571,-105.0302971,8000000,Construction,2000,17973,38,steel frame
39.78441728,-105.0312369,200000,Heavy Fabrication and Assembly,1932,10739,3,steel frame
39.78553666,-105.0327977,80000,Religion and Nonprofit,2015,23350,5,masonry
39.78447558,-105.0303207,30000,Temporary Lodging,2015,6128,20,reinforced masonry
39.78736781,-105.0833857,700000000,Permanent Dwelling (multi family housing),1981,13155,39,reinforced masonry
39.75654287,-105.0714779,7000000,Entertainment and Recreation,1958,15090,42,steel frame
39.80634683,-105.0430868,20000,Religion and Nonprofit,1988,33503,34,steel frame
39.79276666,-105.0931969,10000,Entertainment and Recreation,2007,21639,47,steel frame
39.79450033,-105.1026769,80000000,General Commercial,1947,28384,4,wood frame
39.79430367,-105.1020686,8000000,General Commercial,1963,32386,12,masonry
39.79521428,-105.1194846,2000000,Heavy Fabrication and Assembly,1984,16723,16,masonry
39.76625379,-105.0882494,30000000,Education,1955,28860,41,masonry
39.79118351,-105.1210211,40000,Entertainment and Recreation,1955,27546,19,reinforced masonry
39.8068119,-105.0710048,700000000,Religion and Nonprofit,1976,13202,3,steel frame
39.73196543,-105.0489991,200000,Construction,1985,14958,8,wood frame
39.80024968,-105.0403245,20000000,Wholesale Trade,1999,19411,7,masonry
39.79995455,-105.0393034,200000,Construction,1977,25888,25,reinforced masonry
39.7891821,-105.1234794,300000000,Entertainment and Recreation,1976,35233,34,wood frame
39.80700332,-105.0455184,9000000,Religion and Nonprofit,1966,37588,4,steel frame
39.74861973,-105.1085219,800000000,Wholesale Trade,1994,17326,48,steel frame
39.76820663,-105.0868724,50000000,Religion and Nonprofit,1934,19375,31,steel frame
39.7293313,-105.0917885,500000000,Education,1980,33291,48,steel frame
39.79495764,-105.1216085,40000000,General Commercial,1932,5505,28,reinforced concrete
39.79217182,-105.104795,100000000,Religion and Nonprofit,1952,5577,7,steel frame
39.74941474,-105.1076056,800000000,Education,1983,39541,47,masonry
39.77315626,-105.0453308,300000000,Religion and Nonprofit,1992,19224,49,masonry
39.74450741,-105.0870482,6000000,Group Institutional Housing,1999,3939,6,wood frame
39.78574437,-105.0830552,400000000,Entertainment and Recreation,2000,31457,38,masonry
39.80675322,-105.0705344,800000000,Heavy Fabrication and Assembly,2015,8333,18,wood frame
39.73079743,-105.0524461,1000000,Temporary Lodging,1994,37775,33,steel frame
39.72934231,-105.0538771,800000000,Construction,1970,16832,47,wood frame
39.76730129,-105.0606085,40000000,Permanent Dwelling (multi family housing),1973,39767,28,reinforced concrete
39.79272659,-105.0973693,4000000,Education,2009,38194,19,masonry
39.72966774,-105.0475925,900000000,Education,2002,37597,47,reinforced masonry
39.76444349,-105.1057602,700000000,Religion and Nonprofit,1949,31662,12,masonry
39.80830532,-105.0438198,60000,Temporary Lodging,1992,7400,37,wood frame
39.78599809,-105.0301346,90000000,Education,1966,24038,21,reinforced masonry
39.79546607,-105.1052201,20000000,Temporary Lodging,2013,30574,46,reinforced concrete
39.76641569,-105.0579489,7000000,Construction,1985,25059,39,masonry
39.78392705,-105.0329724,800000000,Heavy Fabrication and Assembly,1967,27504,43,reinforced concrete
39.78284367,-105.0306415,70000,Permanent Dwelling (single family housing),1995,959,17,masonry
39.74595408,-105.0830502,10000,Entertainment and Recreation,1961,5847,15,wood frame
39.79762535,-105.0460763,600000000,Religion and Nonprofit,2012,22128,11,reinforced concrete
39.79938214,-105.0454021,500000,Group Institutional Housing,1961,20572,28,steel frame
39.79863071,-105.0460556,80000,Permanent Dwelling (multi family housing),1964,8061,7,reinforced masonry
39.79078588,-105.1203138,800000000,Heavy Fabrication and Assembly,1993,12841,45,reinforced concrete
39.80868315,-105.0738783,40000,Construction,1941,10490,20,wood frame
39.75731356,-105.0743878,10000000,Permanent Dwelling (multi family housing),2001,28698,19,steel frame
39.79503644,-105.1028112,30000000,Education,1950,30506,14,wood frame
39.74465603,-105.0827581,60000000,Permanent Dwelling (single family housing),1962,16144,16,steel frame
39.79188505,-105.0948852,400000,Heavy Fabrication and Assembly,2007,31440,21,masonry
39.79361926,-105.0950782,300000,Temporary Lodging,1994,33567,8,steel frame
39.81229919,-105.0521995,3000000,Entertainment and Recreation,1933,8697,30,masonry
39.7946383,-105.1226358,30000,Permanent Dwelling (single family housing),1933,32692,19,masonry
39.78318104,-105.0338857,600000000,Group Institutional Housing,1962,14995,40,wood frame
39.7618131,-105.07219,900000000,Construction,1983,39696,50,masonry
39.78741822,-105.0309513,90000000,General Commercial,1971,30833,29,wood frame
39.76580425,-105.0581838,60000,Wholesale Trade,1983,26145,20,wood frame
39.76899935,-105.0582572,8000000,General Commercial,1947,2671,33,masonry
39.79197853,-105.0963631,200000,General Commercial,1966,3288,44,reinforced masonry
39.78391161,-105.0310316,40000,Entertainment and Recreation,1979,26522,22,masonry
39.79193084,-105.103902,600000000,Education,1941,15045,18,wood frame
39.7315696,-105.09216,4000000,Heavy Fabrication and Assembly,1958,8373,44,wood frame
39.76527964,-105.0884563,60000000,Religion and Nonprofit,1939,3227,45,wood frame
39.74720542,-105.0819214,500000,Permanent Dwelling (single family housing),1990,31004,46,reinforced concrete
39.7859018,-105.0307215,1000000,Construction,1983,31243,13,reinforced concrete
39.80769458,-105.0449703,5000000,General Commercial,1971,19805,34,reinforced masonry
39.75831905,-105.0729499,20000000,Religion and Nonprofit,1993,12299,45,reinforced masonry
39.78763949,-105.0801057,9000000,Entertainment and Recreation,1954,34651,40,reinforced masonry
39.72916268,-105.0492419,700000000,Construction,2004,15630,6,masonry
39.79302065,-105.0946968,80000000,Heavy Fabrication and Assembly,1955,4725,15,steel frame
39.79024303,-105.1235273,800000,General Commercial,1986,29231,16,reinforced masonry
39.73053969,-105.0914966,800000,Construction,2008,30975,7,reinforced concrete
39.73038397,-105.0501882,70000000,Entertainment and Recreation,1978,8471,46,reinforced masonry
39.80747374,-105.0708508,8000000,Permanent Dwelling (single family housing),1989,9402,49,wood frame
39.79370153,-105.1017978,8000000,Religion and Nonprofit,1945,24601,36,reinforced masonry
39.80001022,-105.0444948,300000,Temporary Lodging,1939,22622,36,masonry
39.79219838,-105.1056788,10000000,Construction,2008,35791,31,reinforced concrete
39.76422643,-105.086637,70000,Permanent Dwelling (multi family housing),1949,35319,44,masonry
39.74661885,-105.1057089,1000000,Permanent Dwelling (multi family housing),1989,28178,25,reinforced concrete
39.7455575,-105.0845539,5000000,Group Institutional Housing,1958,24962,27,reinforced masonry
39.76670863,-105.0588679,500000000,Permanent Dwelling (multi family housing),1941,38071,19,wood frame
39.79330726,-105.1034771,600000000,Heavy Fabrication and Assembly,1945,37937,29,wood frame
39.7333074,-105.0917436,90000,Religion and Nonprofit,1936,23642,16,steel frame
39.78377618,-105.0300082,300000000,Heavy Fabrication and Assembly,1943,21782,34,wood frame
39.80135061,-105.0448958,90000,Permanent Dwelling (single family housing),2013,22142,3,reinforced concrete
39.76907344,-105.0860377,300000000,Group Institutional Housing,1980,22409,10,reinforced masonry
39.80052464,-105.0405675,100000000,Heavy Fabrication and Assembly,1964,28497,1,masonry
39.80844834,-105.0448461,20000000,Entertainment and Recreation,1948,13436,49,steel frame
